customer_id,name,email,city,created_at
1,Leslie Allen,vjones@example.org,Jessicaton,2023-09-25
2,Dr. Tracy Neal,iriley@example.org,Smithborough,2023-09-26
3,John Little,sherri85@example.com,New Brittney,2024-02-12
4,Mark Daniel,charles66@example.org,East Sueport,2024-05-19
5,Bridget Rodriguez,danielfowler@example.com,Amberhaven,2025-07-11
6,Elizabeth Wolf,villarrealjustin@example.net,Brettshire,2025-08-01
7,Daniel Lee,erikawillis@example.org,East Gordon,2023-05-02
8,Tyler Chaney,meagan39@example.com,Lake Theresa,2024-04-27
9,Breanna Strong,cburke@example.com,East Anna,2024-09-11
10,Jamie Robinson,denisejones@example.com,Martinezhaven,2025-08-08
11,Savannah Keller,brownkeith@example.org,Matthewberg,2023-11-18
12,Shari Rose,qwood@example.net,South Margaret,2025-08-07
13,Jeremy Sutton,michaelgentry@example.org,Kelseyfort,2025-10-01
14,Michael Henry,cclark@example.net,Reedside,2026-01-08
15,Loretta Thompson,jonathan47@example.net,South Tammy,2024-11-12
16,Melissa Phillips DDS,ymartinez@example.org,Summersfort,2023-11-16
17,Sarah Wolf,huffheather@example.net,West Scott,2025-09-03
18,Kevin Riley,donnahoward@example.net,South Aliciaport,2023-09-23
19,Robert Callahan,brittanywilliams@example.org,Lake Joyce,2025-10-28
20,Mr. Michael Burns Jr.,cochrankenneth@example.com,Kyleside,2023-08-31
21,Desiree Garrison,janetyoung@example.org,Wrightstad,2025-08-10
22,Randy Eaton,tatemakayla@example.com,Samanthaton,2025-01-24
23,John Hurst,melissafry@example.net,East Susanmouth,2023-04-15
24,Ebony Mercer,smarshall@example.org,Daviston,2023-11-11
25,Joan Parrish,bhendrix@example.com,Lake Jacqueline,2024-03-22
26,David Reed,ireese@example.net,West Melissamouth,2025-02-22
27,Bradley Martinez,jared42@example.net,North Samantha,2024-07-31
28,Sherry Green,matthew62@example.com,Byrdside,2024-08-22
29,Stephen Hester,maria61@example.com,North John,2025-12-19
30,Joel Hopkins,tspencer@example.org,Atkinsstad,2024-05-15
31,Max Rodriguez,amandabuchanan@example.net,Port Tiffanyport,2023-08-17
32,Courtney Fischer,shaweddie@example.com,Georgemouth,2024-04-03
33,Donald Hill,jonathan37@example.com,New Theresa,2025-12-05
34,Neil Shaffer DDS,jayjackson@example.org,North Nicolehaven,2024-06-11
35,Kevin Ruiz,jeffreylarson@example.org,Millerbury,2023-08-09
36,Jacqueline Harris,davidpowell@example.net,Sharonville,2025-11-07
37,Christopher Ayala,andrefigueroa@example.net,Davidfurt,2024-01-30
38,Christopher Smith,awise@example.com,Perezside,2023-10-03
39,Joshua Fischer,gilescolleen@example.net,West Bryan,2024-07-27
40,Jeffrey Oliver,destiny72@example.org,North Hollyshire,2023-09-12
41,Marissa Nguyen,walkerkatrina@example.net,Melissafurt,2024-12-10
42,David Jacobson,lisa76@example.com,Jeffreyland,2023-07-25
43,Timothy Castillo,brittanykidd@example.org,New Bethview,2023-07-05
44,Dr. Lucas Reyes,ihutchinson@example.org,Jeremyview,2025-08-04
45,Chad Johnson,taylor57@example.net,Sandersville,2025-11-30
46,Lisa Watson,scottrhonda@example.net,Kimberlyshire,2024-11-29
47,Melissa Weiss,fjones@example.net,South Shannon,2024-03-13
48,Zachary Suarez,denise15@example.com,West Joseph,2026-02-03
49,Cheryl Hampton,nfreeman@example.net,Lake Timothy,2025-11-06
50,Adam Ramirez,zdean@example.com,East Christopherburgh,2024-11-09
51,Robert Brewer,michellecole@example.net,East Jacobburgh,2025-01-14
52,Brandon Porter,leslie01@example.net,Lake Michael,2024-11-07
53,Elizabeth Wood,kturner@example.net,Alexanderfurt,2023-05-16
54,Sean Williams,jonesjason@example.net,Byrdhaven,2025-06-01
55,Leah Wells,bowmancheryl@example.com,Lynchview,2023-08-03
56,Miss Jennifer Galloway,fredericklawson@example.net,Ryanmouth,2026-02-24
57,David Case MD,mitchellwebb@example.com,North Timothy,2024-01-01
58,Richard Ward,samanthacurry@example.net,East Mariaborough,2026-01-09
59,Sheila Hawkins,barbara32@example.com,Garciastad,2025-06-30
60,Duane Norman,robertgarcia@example.net,South Marystad,2024-01-09
61,John Woods,vbowman@example.com,Lake Thomas,2024-09-19
62,Luis Davis,hickschristina@example.net,Snyderland,2024-09-15
63,Thomas Barnett,lcoffey@example.com,Samuelberg,2024-09-25
64,Julie Duncan,kristen43@example.net,Lake Brendaborough,2023-06-18
65,John Martin,hojulia@example.net,Lake Kimberly,2023-10-03
66,Cory Bolton,barbaraneal@example.com,Christinaland,2023-06-01
67,Edwin Price,jenniferrivers@example.com,East Adambury,2025-02-13
68,Micheal Jones,wlane@example.net,Alexisville,2025-11-19
69,Jessica Brewer,nbyrd@example.net,Elizabethstad,2024-02-15
70,Christopher Williams,wjohnson@example.net,Lake Williamland,2024-04-18
71,Richard Lee,pearsonamy@example.org,Amystad,2025-08-11
72,Ruben Hodge,dominique96@example.org,Brownstad,2025-03-19
73,Taylor Peterson,palmertyler@example.com,North Reneeside,2025-03-03
74,Ricky Wilson,steven25@example.com,New Brianshire,2023-07-04
75,Ms. Kathryn Gonzalez MD,ojones@example.net,Jacksonton,2025-02-18
76,Michelle Diaz,maxwellhouston@example.org,Lauraburgh,2023-10-24
77,Emily Moreno,vincentgreene@example.com,Rosschester,2023-08-12
78,Julia Humphrey,psmith@example.net,Port Michelleview,2025-06-02
79,Dustin Nelson,maureenharris@example.net,Davidland,2023-08-15
80,Melinda Mullins,william35@example.com,South Anna,2026-01-24
81,Michelle Davis,robertacox@example.com,West Dana,2025-08-27
82,Nicole Morgan,fergusonelizabeth@example.com,Ramseymouth,2023-04-20
83,Eric Scott,wedwards@example.com,Sandrafurt,2025-04-09
84,Olivia Lynch,jessica64@example.com,East Cynthia,2025-01-02
85,Holly Jones,lauren15@example.com,Carlosbury,2024-08-29
86,Shannon Herman,gonzalezandrew@example.net,Port Andrew,2024-02-29
87,Wesley Smith,allison95@example.org,West Pennyburgh,2025-07-11
88,Lauren Fowler,maria69@example.net,Paulaville,2026-01-06
89,Thomas Thomas,brianna85@example.org,Dawsonton,2024-11-25
90,Sarah Torres,bramirez@example.net,Taylorhaven,2023-04-21
91,Timothy Jacobs,zshelton@example.com,Grayfurt,2024-01-31
92,Leslie Hammond,angelamartinez@example.com,New Victoria,2025-06-17
93,Ricardo Fuentes,hturner@example.com,Walterville,2025-11-19
94,Terry Jackson,kristin59@example.net,West Kelly,2024-02-07
95,Jennifer Mitchell,sherry40@example.com,West Robertside,2025-11-12
96,Zachary Rodriguez,cbenson@example.org,South Cindytown,2024-11-29
97,Monique Morton,lindabennett@example.com,Judithville,2024-07-28
98,Amy Wright,amyfoster@example.net,Port Kristinefort,2026-01-01
99,Jennifer Dickerson,yvonnenguyen@example.com,Lake Erik,2023-04-28
100,Brittney Juarez,plane@example.com,North Kevin,2024-05-27
101,Melanie Carroll,johnreynolds@example.net,New Hollyside,2023-11-25
102,Robin Gonzalez,pauldavis@example.org,Michelleland,2024-05-08
103,Jeffrey Davis,moralesfrances@example.net,South Chelsea,2023-10-02
104,Bianca Moody,ehiggins@example.net,East John,2023-08-08
105,Teresa Cardenas,bsellers@example.com,North Deborahberg,2024-04-09
106,Lisa Lara,marymartinez@example.com,South James,2024-01-20
107,David Patterson,jasonwilliams@example.net,West Jocelyn,2023-11-16
108,Robert Craig,hollysanchez@example.com,West Katie,2024-12-10
109,Thomas Smith,sanderseric@example.org,Watsonview,2025-11-11
110,Sarah King,jason55@example.com,Stuartchester,2024-11-17
111,Rebekah Jenkins,ijohnson@example.net,Johnberg,2025-12-12
112,Melissa Allen,aevans@example.net,Saraton,2025-04-25
113,Gail Thompson,angelicahuff@example.org,Moorefort,2023-06-17
114,Susan Scott,richard17@example.com,Austintown,2024-01-19
115,Sally Schneider,gerickson@example.net,Lake Dalemouth,2025-03-17
116,Kyle Roberts,perezrick@example.org,Kaylamouth,2026-01-05
117,Edwin Harris,robertlong@example.org,Pattersonton,2024-07-10
118,Donna Hernandez,erica79@example.com,Smithside,2026-01-29
119,Jason Castillo,kimberly14@example.com,Adkinsland,2025-11-16
120,Jillian Zimmerman,triciapatel@example.org,Wrightshire,2025-12-10
121,Krystal Chapman,fernandezjason@example.net,Mcmillantown,2025-03-15
122,Jill Watkins,elizabethalexander@example.org,Peterhaven,2024-01-02
123,James Obrien,ortegaandrew@example.com,Williamsshire,2023-09-29
124,Deborah Jensen,danielnathan@example.org,Lake Jose,2025-05-29
125,Zachary Silva,matthew23@example.org,West Amy,2026-01-09
126,Daniel Gibbs,nhunt@example.com,Jasonmouth,2023-11-30
127,Cameron Thomas,zachary66@example.org,Lake Aliciabury,2023-11-24
128,Christopher Hart,gibsonjeffrey@example.com,Lake Peggy,2023-11-21
129,Pamela Hardin,angela68@example.com,Lake Crystalland,2025-08-24
130,Rhonda Frazier,angela76@example.net,Adamstown,2026-04-05
131,Brenda Hudson,elaine47@example.net,North Kenneth,2025-05-12
132,Alexandria Weber,davidfigueroa@example.com,East David,2024-11-22
133,Brian Warner,potterjennifer@example.org,Lake Jeffborough,2025-01-19
134,Caleb Martinez,todd56@example.com,Chambersmouth,2024-02-03
135,Jose Lane,cooklaura@example.net,Lake Amanda,2026-02-28
136,Alexander Chavez,edward96@example.net,Karenmouth,2024-10-17
137,Mary Edwards,danieldickson@example.com,Orrbury,2023-11-28
138,Heidi Garcia,erivera@example.net,Foxstad,2025-11-14
139,William Baker,kempvanessa@example.org,West Erin,2024-07-10
140,Emma Livingston,lutztodd@example.net,New Victoriaberg,2024-07-20
141,Andrew Wright,roberthodges@example.com,Thompsonbury,2026-03-25
142,Kayla Parrish,daniellejohnson@example.com,Port Oliviaville,2024-11-28
143,Laura Cummings,arnoldjohn@example.com,East Thomasborough,2025-09-09
144,Beth Mathis,arellanobonnie@example.com,South Joseburgh,2024-05-15
145,Sabrina Noble,howardryan@example.org,Vaughnhaven,2023-05-22
146,Christopher Nelson,yhancock@example.org,Wardside,2024-06-03
147,Ryan Allen,fweaver@example.org,Port Heidimouth,2025-03-20
148,Vanessa Jones,kerry17@example.net,Darrenborough,2025-06-22
149,Dana Morales,jerry78@example.net,New Lauraview,2024-03-08
150,Brett Clark,ryan47@example.org,Jacquelinebury,2024-11-10
151,Amanda Rodriguez,kaitlin16@example.org,North Ashleystad,2024-07-14
152,John Downs,joseph21@example.org,Jenniferside,2023-12-13
153,Brianna Moody,cameronortega@example.com,Lake Amberside,2025-09-04
154,Jeanette Thompson,jesus44@example.net,Bakerfort,2026-01-11
155,Lisa Jackson,chernandez@example.com,New Stephanie,2025-11-10
156,Shaun Anderson,rodriguezjennifer@example.net,Raymondview,2024-04-12
157,Raymond Griffin,fspears@example.org,Brandonfurt,2024-08-25
158,Benjamin Hayden,lisa84@example.com,South Adambury,2025-05-31
159,Anthony Fisher,jasminecummings@example.org,Emilyshire,2023-08-13
160,Douglas Page,millerlisa@example.net,Melissaside,2026-02-14
161,Lance Johnson,pamela63@example.com,East Jamieside,2023-11-23
162,Seth Perez,ysummers@example.net,Wesleytown,2025-07-20
163,Kevin Butler,laura13@example.org,Chambersbury,2025-03-20
164,Donna Francis,matadonna@example.org,West Michael,2025-11-03
165,Monique May,andrew93@example.com,West Jonathanland,2025-03-10
166,Alicia Brown,shane99@example.org,Whiteberg,2026-01-04
167,Sean Green,ycherry@example.net,West John,2024-10-27
168,Mrs. Angela Stout,barbaravalencia@example.com,East Adammouth,2025-10-29
169,Richard Carrillo,tlester@example.com,Hunterborough,2024-03-06
170,Candace Williams,gainesjennifer@example.net,West Michael,2024-10-08
171,Andre Ramos,kristy53@example.net,Christinatown,2024-08-18
172,Mark Haley,huntrichard@example.org,Port Brian,2025-02-17
173,Wendy Wilkerson,andersonlisa@example.com,Port Nicole,2024-08-23
174,Allen Rice,shane21@example.net,West Rebeccaburgh,2023-05-13
175,Craig Collins,christopher97@example.com,Valerieton,2024-10-25
176,John Todd,ronald30@example.org,Mooreville,2025-07-09
177,Angela Benson,jamesjohnson@example.net,Gomezshire,2024-01-05
178,Marissa Berg,cardenaserin@example.net,Davidchester,2024-12-02
179,Billy Sanchez,jonathanwilson@example.com,Lake Joshuaton,2026-02-04
180,Chelsea Williams,cindyjones@example.net,West Annatown,2025-02-03
181,Jeffrey Brown,okennedy@example.com,Anaburgh,2025-11-14
182,Natalie Martinez,connie63@example.org,North Rebecca,2026-02-05
183,Ashley Simmons,dgonzalez@example.net,Caldwellview,2024-11-29
184,Joshua Taylor,rachel27@example.org,South Christopher,2025-03-09
185,Becky Barnes,melissajohnson@example.org,Clarkland,2025-06-20
186,Karla Gray,masonmorales@example.com,South Veronicafort,2024-08-05
187,Ian Powell,brucebishop@example.org,Lindafort,2024-04-06
188,Jacob Martin,vharris@example.com,Lewismouth,2026-01-05
189,Jeff Preston,rileysusan@example.org,Port Michael,2024-04-21
190,Crystal Nielsen,sydney66@example.net,Lake Karen,2025-12-15
191,Linda Mata,jerryshepherd@example.org,North Gregoryville,2024-08-25
192,Sean Henderson,taylorsarah@example.org,North David,2024-05-19
193,Jessica Edwards,xpowell@example.net,North Victoriafort,2024-10-27
194,Carrie Morales,wgilbert@example.org,Nelsonmouth,2025-01-01
195,Elizabeth Banks,kwalker@example.com,Susanside,2025-09-22
196,Cody Yates,twu@example.org,Port Regina,2024-06-30
197,Mitchell Nash Jr.,michaelsantos@example.com,East Maxwell,2024-01-10
198,Robert Crawford,claytonkimberly@example.com,Michellefurt,2024-10-24
199,Teresa Manning,costaamber@example.com,Caitlinchester,2025-04-27
200,Gina Nelson,stephen60@example.org,Robinsonmouth,2024-11-17
201,Thomas Curtis,pwu@example.net,North Amandamouth,2025-10-23
202,Nathaniel Howard,kimberly67@example.com,North Jasonton,2023-09-24
203,Angela Johnson,jamesmurphy@example.org,South Mark,2024-05-24
204,Jason Barron,ryanmiller@example.net,North Marilyn,2024-05-30
205,Amanda Johnson,jodi60@example.org,Evanstad,2023-12-25
206,Adam Young,kristamoore@example.com,Smithview,2026-03-21
207,Nathan Mcintosh,beckyjennings@example.com,Williamville,2025-11-30
208,Katherine Barnett,sherylnelson@example.org,West Nathanielborough,2026-01-15
209,Vincent King,msantiago@example.net,Rodriguezchester,2024-03-06
210,Christopher Johnson,ywood@example.net,Lake Shannonberg,2025-01-25
211,Eric Lamb,thomas08@example.net,West Tiffany,2025-11-01
212,John Rojas,aaron28@example.com,New Sarahmouth,2025-02-10
213,Jennifer Smith,justin10@example.net,East Jennafurt,2026-03-21
214,Jon Lamb,michael62@example.org,New Marthaberg,2025-10-02
215,Michael Rose,april51@example.org,West Thomas,2024-05-03
216,Timothy Lewis,lisawyatt@example.net,South Shellyfort,2025-12-28
217,Jessica Mcintyre,moralessara@example.org,Josephchester,2024-05-18
218,Crystal Arellano,ginamontoya@example.org,Andersonport,2025-05-29
219,Teresa Chapman,emilybaldwin@example.com,South Shannon,2023-05-29
220,Andrew Gutierrez,rachelpaul@example.org,Joefort,2025-08-31
221,Daniel Harvey,danieltownsend@example.net,East Victoriafort,2024-02-14
222,Charles Wise,wortiz@example.org,Perezshire,2023-07-17
223,Jennifer Beard,danielle92@example.org,Robertside,2025-11-09
224,Emily Simon,ipollard@example.org,Lake Catherineborough,2025-11-30
225,Steven Cobb,lewismichelle@example.org,Estesbury,2026-04-07
226,Ashley Crawford,fosternoah@example.org,North Luis,2025-03-09
227,Mark Stewart,lmartinez@example.com,Oconnellstad,2024-03-01
228,Hailey Graham,margaretwood@example.net,Lake Brenda,2024-11-12
229,Rachel Potter,zgill@example.com,Jonesberg,2023-10-08
230,Johnny Santiago,tanya83@example.com,Lake Marcberg,2025-04-01
231,Mrs. Lori Taylor,pittscody@example.org,Robbinstown,2023-07-25
232,Bailey Carter,xhanson@example.org,Lake Anthonyport,2024-04-16
233,James Luna,mrichards@example.net,Port Carolynberg,2026-01-21
234,Rachel Mejia,edwardwhite@example.com,East Alexis,2024-06-30
235,Destiny Clements MD,weissjason@example.net,Tuckerland,2023-08-19
236,Robert Mcbride,michaelmoore@example.com,South Frank,2023-09-03
237,Dr. Amanda Nichols,bali@example.com,West Joelburgh,2023-12-11
238,Omar Ruiz,kennedygrace@example.org,East Adrianview,2025-08-08
239,Robert Walker,christophersmith@example.net,Delgadoville,2025-05-23
240,Mrs. Cynthia Pierce,nvelasquez@example.com,Laurenview,2023-08-19
241,John Mendoza,stephensonbrandy@example.net,Anthonytown,2026-01-27
242,Jacqueline Osborne,phenderson@example.net,Port Jacobberg,2025-10-13
243,Lauren Meyer,marissa67@example.net,West Michaelhaven,2024-02-26
244,Diana Jones,timothypitts@example.net,Sandraport,2025-12-19
245,Karen Castaneda,donald03@example.org,Lake Amanda,2023-10-04
246,Joanne Flores,robinsonsamantha@example.com,North Danielborough,2025-06-13
247,Jacob Gonzales,kimberly43@example.com,Martinezhaven,2023-12-24
248,Benjamin Taylor,gmathews@example.net,Lake William,2025-02-04
249,Virginia Martinez,ramirezangel@example.com,Alanville,2024-05-23
250,Henry Bates,igolden@example.net,North Patrick,2024-12-16
251,Elizabeth Bennett,cjackson@example.net,East Daniel,2024-12-12
252,Katie Gross,cameronjames@example.org,South Jessica,2024-07-26
253,Joseph Jenkins,wroberts@example.com,Gracefort,2026-01-17
254,Travis Young,michaelwilson@example.com,Lake Joseph,2025-12-11
255,Kevin Henson,victoriacrawford@example.org,Lorraineside,2024-07-15
256,James Hudson,gonzalesbreanna@example.com,Chamberston,2024-05-29
257,Thomas Jacobson,xramos@example.com,Brucestad,2023-07-16
258,Judith Adkins,aaronrodgers@example.com,Smithside,2025-03-03
259,Miss Sarah Lutz,eric58@example.net,Michaelberg,2024-10-16
260,Aaron Smith,gordonedwards@example.com,Lake Heidi,2023-07-22
261,Kristine Zamora,wmayo@example.com,Lake Robertmouth,2025-02-21
262,Andrew Bowman,jessicaberry@example.com,Mcculloughberg,2024-01-10
263,Bill Summers,amanda47@example.net,Heidichester,2025-11-22
264,Melissa Brown DDS,matthew20@example.org,Lake David,2026-03-31
265,Katelyn Callahan,shelley74@example.net,Jimeneztown,2024-03-17
266,Amy Pacheco,vmiller@example.net,Lake Sarah,2025-12-15
267,Mark Schneider,brian13@example.org,Port Stephanieborough,2024-05-26
268,Andrea Roy,calvin43@example.org,Lake Elizabeth,2024-11-03
269,Thomas Barker,shelly53@example.com,North Toddton,2025-02-17
270,Katherine Phillips,pgarrison@example.com,Sarahton,2024-04-01
271,Jennifer Dean,qodonnell@example.net,New Travis,2023-07-31
272,Christopher Shields,jamieyates@example.com,Lopezbury,2026-01-04
273,Jamie Maxwell,diazjared@example.com,Vegafurt,2025-06-19
274,Allison Crawford,ericawarren@example.net,Quinnville,2025-11-29
275,Julie Espinoza,taylor77@example.org,Leeburgh,2026-01-02
276,Mrs. Michelle Bell,sellersmatthew@example.com,Lake Sarah,2025-10-17
277,Toni Reynolds,scottnguyen@example.com,Duanemouth,2025-03-12
278,David Williams,eugene57@example.net,Port David,2024-06-10
279,Aaron Esparza,avaldez@example.org,Lake Nicole,2024-11-19
280,Travis Moore,gonzalezjoy@example.org,South Sheilaville,2023-06-06
281,Deanna Ross,qfleming@example.org,Rodneyfurt,2023-07-21
282,Anne Russell,osmith@example.com,East Jennifer,2026-01-18
283,Deborah Medina,hlee@example.com,Allenport,2024-12-12
284,Amy Hickman,amy75@example.net,South Joannafort,2023-06-26
285,James Keith,ftapia@example.com,Port Sean,2026-03-11
286,Michael Medina,danielle79@example.org,Markshaven,2023-06-10
287,Johnny Abbott,frank72@example.net,Evanschester,2025-08-27
288,Lisa Krause,michaelmurray@example.com,New Denise,2025-11-30
289,Natalie Lang,rileysharon@example.com,North Dennis,2025-06-13
290,Matthew Terry,wilsonjonathan@example.org,Port Adam,2025-03-03
291,Christopher Barrera,crystalatkins@example.com,Ellenport,2023-08-06
292,Tammy Bowers,hdennis@example.com,New Kimport,2023-09-08
293,Sally Ruiz,markwalker@example.net,Port Jeantown,2024-12-19
294,Wendy Andrews,dwagner@example.org,Lake Jennifer,2024-08-07
295,Leslie Wilcox,joseph14@example.org,Alexiston,2025-08-05
296,Christopher Davidson,mooreerin@example.com,New Stephenfort,2025-10-31
297,Sharon Edwards,ypierce@example.com,North Erika,2026-02-12
298,Casey Gross,amack@example.com,Sharpview,2025-10-11
299,Laura Griffin,michaelmassey@example.org,Nicholebury,2024-04-09
300,Anne Mcknight,kimchristopher@example.org,Lake Christophermouth,2024-08-17
301,Taylor Johnston,gonzalesjerry@example.org,East Ryanberg,2024-06-22
302,John Gordon,nicole34@example.net,Burgessville,2024-08-04
303,Brooke Ward,wclay@example.net,Lake Kelseyview,2023-12-28
304,John Krause,allendanielle@example.com,Angelaland,2024-06-12
305,Jessica Reyes,tracy14@example.com,Lake Linda,2023-08-21
306,Emily Weaver,turneraaron@example.net,Larrytown,2024-11-20
307,John Johnson,owenlinda@example.net,West Christianton,2026-01-08
308,Yolanda Solis,rachel87@example.com,Vazquezmouth,2023-07-26
309,Robin Stone,reidgary@example.net,Sandersville,2024-05-08
310,Sonya Erickson,cherylbennett@example.org,New Allison,2026-02-13
311,Nancy Weber,andersonjames@example.com,West Williebury,2024-12-06
312,Rachel Perez,cunninghamelizabeth@example.net,Wilsonshire,2025-12-16
313,Cindy Price,jonathanparker@example.com,North Ashley,2023-07-20
314,Kathleen Cisneros,coffeydiamond@example.org,South Timothy,2024-03-25
315,Tyler Hoffman,rachelburgess@example.net,Port James,2024-01-09
316,Jordan Young,vanceerin@example.com,South Elizabethbury,2024-05-31
317,Dr. Sharon Martinez MD,caitlin76@example.org,Santiagoside,2025-01-10
318,Jeffery Scott,barrysusan@example.com,Kevinton,2023-08-09
319,Cameron Morris,brightrichard@example.com,Smithside,2024-09-01
320,Anna Newman,garciarobert@example.com,South Joseph,2024-07-17
321,Lisa Hughes,sean13@example.net,Lake Aprilfurt,2024-07-17
322,Elizabeth Ingram,veronica52@example.net,Travisview,2025-02-18
323,Richard Roy,pinedajames@example.org,New Jessica,2025-05-27
324,Monica Watkins,bishopcarla@example.net,Janeport,2023-08-14
325,Rose Thompson,ryanjustin@example.org,West Marktown,2024-12-10
326,Andrea Brown,harrisrichard@example.com,New John,2024-06-22
327,Nicole Hicks,nicholas49@example.net,Dawnmouth,2025-03-10
328,Mark Lam,kylemarshall@example.org,Lake Nathanberg,2025-07-18
329,James Cortez,mmcdonald@example.org,Martinborough,2025-07-06
330,Tammy Payne,hallgina@example.com,Lisaside,2024-06-24
331,Margaret Wilson,joseph47@example.net,Churchstad,2025-09-12
332,Christopher Combs,ibutler@example.org,West Amymouth,2026-01-13
333,Lauren Roth,floydjoel@example.net,Lake Tyler,2023-04-26
334,William Marshall,stephanie07@example.org,Sharonport,2023-07-07
335,Heather Greene,kimberly45@example.net,Garciafort,2025-08-27
336,Lonnie Allen,alanburton@example.org,New Dianeside,2025-02-26
337,Bethany Barton,edward28@example.com,Amyland,2024-07-01
338,Haley Finley,jasonmiller@example.net,Austinland,2026-04-04
339,Ashley Carpenter,christianandrea@example.org,Lauraberg,2024-01-13
340,Erin Porter,brandtchelsea@example.net,North Jeanne,2025-11-11
341,Amanda Lopez,charlesespinoza@example.com,Kaitlynshire,2023-08-28
342,Terry Ortiz,mendezbrian@example.org,New Lisa,2023-11-19
343,Steven Frey,jessica31@example.org,Frederickmouth,2024-04-29
344,Allen Morgan,yjohnson@example.org,Deanton,2026-03-11
345,Krista Newman,powelldonna@example.org,Lake Steven,2023-09-17
346,Timothy Singleton,noah11@example.com,Jaredborough,2024-12-19
347,Todd Lara,wholt@example.com,Wallview,2024-09-12
348,Stephanie Hancock,kathleen26@example.org,Justinton,2024-12-19
349,Jessica Miller,joanne52@example.com,East Brian,2025-12-16
350,Raymond Smith,josephsnyder@example.org,Amyshire,2025-06-20
351,Trevor Johnson,ukeller@example.com,South Nancychester,2024-06-01
352,John Holder,joshuayoung@example.org,South Barbara,2026-02-13
353,Chloe Phillips,samanthaglenn@example.org,Cruzchester,2025-06-18
354,Gordon Ward,amber63@example.com,Rodriguezview,2025-08-03
355,Jennifer Decker,martha14@example.net,South Victoria,2025-03-25
356,Stephanie Kennedy,hayesedward@example.org,Lake Johnland,2024-11-10
357,William Mcdowell,tracy88@example.net,South Brenda,2024-12-07
358,William Boyer,anthony71@example.net,Ericafort,2024-08-01
359,Hannah Greer,michaelcarlson@example.com,West Tyroneside,2024-10-11
360,Alexis Wallace,acostaadam@example.org,Parsonstown,2025-04-21
361,John Adams,qspence@example.com,Nicolechester,2024-11-18
362,Jenna Todd,thomasdecker@example.net,North Jason,2025-09-30
363,Linda Robbins,olivia66@example.net,Timothyside,2023-06-10
364,Michele Bonilla,anthonyfrench@example.net,East Jennashire,2024-03-25
365,Felicia Gallagher,uwilson@example.org,East Matthewville,2024-11-01
366,Christine Ray,antoniojones@example.org,Foxshire,2024-03-03
367,James Davis,sgarcia@example.net,Gregoryberg,2025-10-18
368,Anthony Harris DDS,craigryan@example.com,Robertsberg,2025-08-20
369,Andrea Gross,qstewart@example.com,East Christina,2023-07-30
370,Scott Phillips,tiffanyhamilton@example.net,North Brian,2024-08-08
371,Margaret Randall,ramirezjoshua@example.org,West Meganberg,2025-03-01
372,Tracey James,patrick00@example.org,Joelberg,2024-01-29
373,Mitchell Stark,operez@example.org,East Carolyn,2024-08-20
374,Charles Morrison,kenneth95@example.org,Rossview,2023-07-15
375,Stephen Hull,ohughes@example.com,New Jayfort,2024-01-02
376,Laurie Mcdaniel,knappjames@example.org,South Justinshire,2026-02-03
377,Jeffrey Juarez,samanthamartin@example.com,East Josephshire,2023-04-23
378,Beth Hernandez,ljordan@example.org,Nicoleburgh,2025-11-03
379,James Ramos,anthonyjennifer@example.net,South Joshuafort,2024-10-03
380,Brian Lopez,chamberskimberly@example.org,Lake Brittneyburgh,2025-09-09
381,Christopher Morales,jason61@example.org,Deborahborough,2024-07-07
382,David Henry,crystalmartinez@example.org,North Terri,2026-03-21
383,Lawrence Hamilton,monica07@example.com,Lake Melaniemouth,2023-12-14
384,Gerald Andrews,tara71@example.org,Leshire,2024-08-13
385,Steven Morrison,smithholly@example.com,Port Heidiborough,2026-02-08
386,Jasmine Roy,rachelgill@example.net,Arroyomouth,2025-11-01
387,Aaron Sutton,parkeryvette@example.net,New Sheila,2025-05-28
388,Sabrina Carpenter,charlenegraham@example.net,New Stephanie,2023-05-29
389,Amy Ramirez,juliaallison@example.net,South Renee,2024-10-25
390,Kathryn Hunter,anthony59@example.com,Bryantshire,2025-10-07
391,Vincent Howard,qsims@example.com,North Tina,2023-10-03
392,Stephanie Garcia,chapmanedward@example.com,Griffintown,2024-11-25
393,Melissa Torres,laurentaylor@example.com,Christopherland,2025-02-11
394,Sarah Becker,lucasstephen@example.org,South Douglas,2024-10-06
395,Angela Garcia,harmonrobyn@example.net,Sullivanstad,2025-03-31
396,Juan Riley,mcclainanna@example.org,New Kimberly,2023-04-29
397,Brenda Pugh,perryjonathan@example.com,Port Walter,2025-01-19
398,Joshua Davis,jacobsveronica@example.org,West Ericville,2025-01-29
399,Vanessa Brown,ilevy@example.org,Stephenshire,2023-06-15
400,Brian Roberts,johnweber@example.net,North Alison,2026-02-20
401,Matthew Mitchell,julie93@example.com,Reedfort,2024-09-22
402,Brittany Reyes,andreajenkins@example.org,Sheltonstad,2024-02-12
403,Alexandria Butler,gcunningham@example.org,Jillianville,2023-11-13
404,Deborah Burch,nicolecuevas@example.net,Lake Brianfurt,2025-08-11
405,Doris Wallace,debrahicks@example.net,South Tylerborough,2024-10-03
406,Karen Thomas,williamgonzalez@example.net,Port Corey,2025-12-26
407,Elizabeth Lamb,patriciahall@example.net,Kimberlybury,2025-07-27
408,John Anderson,jason94@example.com,East Joseph,2025-08-19
409,Cynthia Ford,pruittrobert@example.com,Brandybury,2023-06-14
410,Miguel Manning,brittanyjones@example.net,Lesliefurt,2023-04-24
411,Brian Payne,edward91@example.net,North Adrian,2023-10-15
412,Shirley Malone,porterandrew@example.com,Williamsville,2026-01-20
413,Juan Lee,amandacampbell@example.com,Mclaughlinland,2025-03-07
414,Kenneth Esparza DDS,richardsonrichard@example.com,Paultown,2023-10-08
415,Roberto Gomez,stephaniecarter@example.com,East Ashleyland,2024-11-03
416,Gregory Stone,michael01@example.org,Lake Rebeccafort,2023-04-30
417,Kimberly Willis,cabrerakathleen@example.org,Parkershire,2023-07-01
418,Linda Johnson,harrisonregina@example.org,Lake Charles,2025-12-20
419,Stephanie Soto,kelseylopez@example.net,Danielberg,2024-04-27
420,Raymond Garcia,gthompson@example.com,North Philip,2024-11-03
421,Jeanne Pena,lkelly@example.net,West Ryan,2025-10-24
422,Susan Townsend,fallen@example.net,Bennettmouth,2023-05-05
423,Dennis Miller,jamesjones@example.net,Port Anthonytown,2025-12-28
424,Margaret Alexander,nferguson@example.net,Hofort,2024-11-10
425,Stephen Ross,robertscandice@example.com,Jenniferfurt,2023-11-11
426,Katie Donovan,bentleysherry@example.com,Burnsshire,2024-03-04
427,Ann Carlson,cjohnson@example.org,North Brendaland,2025-03-25
428,Christopher Williams Jr.,tthornton@example.net,Joseborough,2025-08-24
429,Kelly Thomas,kristinadavis@example.com,Lake Tristanton,2025-04-27
430,Lisa Reyes,hcrosby@example.org,North Louis,2024-01-31
431,George Brooks,nathaniel24@example.org,Pamelaberg,2023-11-19
432,Kelly Smith,stanleyrios@example.org,Lake Tammy,2025-12-13
433,Sarah Fuller,carrbrittany@example.org,South Markfort,2025-09-11
434,Rebecca Zimmerman,tiffany06@example.com,Harrisfort,2024-08-10
435,Jessica Campbell,enichols@example.net,Juliaville,2025-01-14
436,John Short,ljones@example.com,Lake Randy,2023-06-30
437,Curtis Reynolds,marksmith@example.net,South Danielle,2024-07-01
438,April Jones,brandonholland@example.org,Longburgh,2026-01-04
439,Mary Foster,ewhite@example.org,South John,2025-12-03
440,Adam Yang,uhawkins@example.com,South Willie,2025-03-06
441,Caroline Rogers,ambermartinez@example.net,North Kimborough,2026-01-11
442,Joshua Spears,nathanmurillo@example.com,Fletchertown,2024-01-02
443,Lori Willis,gregoryblankenship@example.org,South David,2024-01-09
444,Bradley Lopez,lswanson@example.com,East Dale,2023-10-08
445,Olivia Colon,brooke17@example.org,West Marytown,2024-02-10
446,Gene Maynard,hnelson@example.net,Port Jenniferside,2026-03-26
447,Sarah Irwin,woodsheather@example.com,Tamarashire,2023-07-11
448,Laura Wall,campbellhannah@example.org,Ashleyton,2024-09-08
449,Cheyenne Green,lopezkelly@example.com,West Michaelfort,2023-04-27
450,Anthony Curtis,glenndevin@example.net,West Davidtown,2026-03-19
451,Matthew Williams,bishopmary@example.com,North Debra,2025-11-11
452,Tina Jones,xlopez@example.net,Lake Sarah,2025-05-04
453,Erika Reeves,lnguyen@example.com,Jacobhaven,2024-08-06
454,Carmen Hartman,ahughes@example.org,Brooksport,2023-05-22
455,Meghan Figueroa,derek46@example.net,Kathleenmouth,2024-02-29
456,Jonathan Baker,pwong@example.org,Port Phillipbury,2024-02-09
457,Margaret Cobb,ellisdanny@example.org,Tinaborough,2024-07-04
458,Lauren Allen,ryanjackson@example.com,West Allisonborough,2025-08-18
459,Mary Vasquez,john35@example.org,North Royville,2024-03-07
460,David Blevins,lindamartinez@example.org,Lake Keith,2023-08-28
461,Samantha Foster,kflores@example.org,Port Nathan,2024-12-10
462,Angela Kidd,ryan67@example.org,Heidiside,2023-09-20
463,Renee Sanchez,gschultz@example.net,Adkinsmouth,2024-01-31
464,Sarah Gomez,gpennington@example.net,Garrisonfurt,2024-05-30
465,Courtney Smith,stacyblackwell@example.net,Priceside,2024-12-19
466,Johnny Jones,bradleywells@example.net,Paulport,2023-07-08
467,Samuel Fuller,rogersryan@example.org,North Kaylaland,2026-01-30
468,Michael Cook,gregorythomas@example.com,West Traceyburgh,2024-03-28
469,Margaret Marquez,wolfjason@example.com,East Angela,2024-06-19
470,John Washington,tracyharris@example.com,Sheltonstad,2025-08-21
471,Robert Ochoa,gcastro@example.com,Mitchellstad,2024-04-29
472,Emma Johnston,walkerkevin@example.net,Alvarezview,2023-05-24
473,Nicholas Kim,jill38@example.org,North Jeremy,2023-08-14
474,Christopher Townsend,andrealittle@example.com,West Courtney,2025-01-08
475,Daniel Perry,munozbrian@example.com,Scottfurt,2023-07-17
476,Brian Gallegos,mbrooks@example.net,Scotthaven,2024-04-29
477,Andrew Brown,stephensjames@example.com,Christinamouth,2025-11-04
478,George Hayes,davidwalker@example.net,Smithland,2025-02-08
479,Crystal Rice,james79@example.net,Shannonmouth,2025-11-10
480,Phillip Jones,mwilliams@example.net,Wilkersontown,2023-05-15
481,Alexander Collins,edwardwhite@example.org,Jamesview,2025-06-11
482,Paul Rodriguez,mitchelljoshua@example.net,West Larryhaven,2024-05-20
483,Leslie Hensley,carllucas@example.net,Lisaside,2025-01-07
484,Randall Nichols,melaniepollard@example.net,Lake Mikechester,2023-06-04
485,Deanna Hendrix,nicholaslee@example.net,Deborahbury,2025-01-23
486,Rachel Price,ericorr@example.org,East Chad,2024-04-13
487,Ronald Melton,ejones@example.net,West Colleen,2026-02-07
488,Lori Murphy,emily69@example.net,Port Jeremyton,2024-07-05
489,Timothy Callahan,seanhuffman@example.net,East Michele,2024-05-29
490,Danny Williams,david20@example.com,West Angelashire,2024-10-03
491,Kyle Burnett,stewartjessica@example.com,Nicholasborough,2024-10-15
492,Pamela Dominguez,ogarner@example.net,Sheppardmouth,2026-04-02
493,Patrick Page,pamelamunoz@example.org,Kellyville,2025-09-19
494,Amy Moyer,billy38@example.net,Julieburgh,2024-03-24
495,Nancy Miller MD,kimberlythomas@example.net,Harrisland,2026-02-28
496,Thomas Tucker,kimberlyrivera@example.net,Garciaberg,2024-01-26
497,Joseph Lutz,michaelsmith@example.com,South Elizabeth,2023-10-30
498,Bradley Brooks,sethbaker@example.net,West Carolyn,2025-01-21
499,Teresa Flores,jameskeller@example.net,Lake Sarah,2025-02-01
500,Felicia Schwartz,elizabeth66@example.org,Amandamouth,2026-02-17
501,Christopher Carlson,kristin62@example.com,Nicolefurt,2025-12-29
502,Robert Roberts,charles65@example.org,Port Charlotte,2026-02-12
503,Kristin James,nicolehumphrey@example.net,North Andrew,2024-07-26
504,Rebecca Sanchez,bradleygreen@example.net,Christianville,2025-05-24
505,Ashley Elliott,bryantmelinda@example.org,Davisberg,2023-06-26
506,Craig Lewis,annamartin@example.org,Lake John,2025-05-20
507,David Mccoy,tcooper@example.org,Michellemouth,2025-11-20
508,William Baker,moraleskelly@example.org,Brianton,2024-11-29
509,Kevin Smith,tony04@example.net,South Tony,2025-06-12
510,Chelsea Zamora,melaniearellano@example.net,Port Pamelahaven,2025-01-25
511,David Johns,hoffmansusan@example.org,Cookfurt,2025-02-13
512,Valerie Patel,kbarrett@example.net,West Ashley,2024-03-03
513,Michael Gutierrez,johnsonsamuel@example.net,North Kristi,2023-10-18
514,Mrs. Danielle Preston,copelandmary@example.com,Lake Tammyhaven,2024-02-23
515,Carol Matthews,martinalexis@example.org,New Cathy,2023-07-06
516,Stuart Cochran,joelboone@example.org,North Christophershire,2025-03-11
517,Kimberly King,patriciabaldwin@example.org,East Jessica,2026-04-03
518,Robyn Bowen,ajohnson@example.org,Brucemouth,2025-03-01
519,Benjamin Gallegos,chris81@example.net,North Charleston,2026-03-12
520,Denise Johnson,xbrown@example.net,Ayalatown,2026-02-19
521,Jeanne Gordon,wilsonelizabeth@example.org,West Tina,2025-02-27
522,Daniel Benitez,uhodge@example.com,South Juliabury,2024-12-18
523,Rachel Roberts,christian66@example.net,South Trevorside,2025-10-27
524,Megan Kelly,harrisjames@example.org,Rickyfurt,2025-06-15
525,Holly Walker,yzimmerman@example.net,Kevinland,2025-11-03
526,April Lewis,andrew04@example.com,Blakeshire,2024-07-01
527,Patricia Cortez,armstrongpeter@example.com,Floresshire,2024-06-28
528,Nancy Marquez,shanewilson@example.net,Port Jessica,2024-02-01
529,Andrea Hayden,michellebryant@example.net,New Heathershire,2024-11-04
530,Lisa Curtis,contrerasstacey@example.com,Davidberg,2025-02-23
531,John Wallace,ddoyle@example.org,Johnberg,2024-03-25
532,Wendy Stokes,hwashington@example.net,North Melissaton,2024-08-06
533,Brian Hanson,jonathancopeland@example.com,Wigginston,2023-11-20
534,Robert Ruiz Jr.,nataliebranch@example.org,Baileyland,2023-07-12
535,William Costa,kristen28@example.org,West Christopher,2023-05-29
536,John King,gatesmike@example.net,Meganbury,2024-04-11
537,Catherine Johns,xpierce@example.com,Saraburgh,2024-04-02
538,Michael Kennedy DDS,anthonydaniel@example.net,Port Erikamouth,2025-11-30
539,Angel Garcia,marksmith@example.org,Alfredmouth,2024-12-09
540,Heather Smith,matthew15@example.com,Normanside,2025-10-18
541,Jordan Dunlap,steven24@example.com,East Dustinville,2025-02-16
542,Sarah Bauer,robertsconnor@example.org,Shermanside,2025-06-07
543,Danielle Ryan,bryancantrell@example.com,Carolineburgh,2026-01-12
544,David Gomez,zbowen@example.org,Roberttown,2023-09-18
545,Marie Rivera,tim04@example.com,East Maryberg,2024-01-18
546,Shawn Gonzales,daviestimothy@example.net,Kingberg,2023-08-30
547,Kent Willis,reidanthony@example.net,New Curtis,2024-12-18
548,Kathleen Flores,brittanyholmes@example.org,Williamstown,2024-08-29
549,Mario Carr,njohnson@example.com,Port William,2025-03-04
550,Jacob Briggs,kjackson@example.com,Hinesstad,2025-03-12
551,Patrick Anderson,mariagrimes@example.com,Mckeeport,2024-12-22
552,Brianna Webster,tarasantos@example.org,Yustad,2024-09-14
553,Samantha Arias,kathrynavila@example.net,Thomasshire,2023-06-26
554,Deborah Hill,ugarcia@example.net,Port Diana,2025-05-15
555,Kelly Vaughan,marshalldawn@example.net,East Leonardberg,2024-07-18
556,Susan Anderson,antoniogiles@example.org,South Dannyshire,2026-01-27
557,Anna Walker,christopherlee@example.org,Weisstown,2023-07-28
558,Paul Johnson,davidcastro@example.net,Matthewberg,2023-09-18
559,Thomas Larson,monica95@example.org,New Edwardhaven,2026-02-26
560,Matthew Wright,deanmichael@example.com,Kevinbury,2025-11-25
561,Dr. Christy Park,carloscarter@example.org,Port Shawn,2023-09-30
562,Brian Trevino,petergomez@example.net,Briannafort,2023-10-31
563,Paula Jones,xrodriguez@example.com,Lake Jamie,2025-07-20
564,Laura Burke,paige02@example.net,Copelandville,2025-10-17
565,Brian Wright,daniel52@example.com,Brandonshire,2024-12-23
566,Carrie Cohen,williamsonjody@example.net,North Kimberly,2023-05-24
567,Karen Adams,ortizshannon@example.com,Port Wendy,2024-04-04
568,Angel Montoya,danielle28@example.com,Lake Aaron,2023-12-24
569,Nicole Roberts,francis92@example.com,Lake Jared,2024-12-02
570,Laura Taylor,williambarry@example.com,West Heatherhaven,2023-10-09
571,Theresa Nguyen,hamiltonsara@example.com,Adamview,2023-12-19
572,Joseph Vazquez,williambanks@example.org,West Trevor,2024-12-28
573,Russell Chaney,shermanbrandon@example.com,Phillipfort,2024-01-17
574,Ryan Barrett,katie31@example.org,East Ronaldberg,2023-12-11
575,Jose Moore,georgebaker@example.net,East Gabriellaport,2025-02-22
576,Robert Sanford,donna58@example.net,Lake Samuel,2024-03-18
577,Deanna Burns,sandraperez@example.org,Port Christophertown,2024-04-03
578,Thomas Romero,douglasmartin@example.net,Port Melissaberg,2025-11-19
579,John Singh,cbell@example.com,Alanchester,2023-08-30
580,Kristy Smith,ryan83@example.com,South Williamstad,2026-02-06
581,Alicia Taylor,hoffmanrebecca@example.org,Margaretbury,2024-10-29
582,Eric Kaufman,spencer91@example.org,Port Noahbury,2026-03-26
583,Melvin Rowe,amandadiaz@example.com,Moratown,2024-05-01
584,Jeffrey Schroeder,feliciadudley@example.net,Johaven,2025-10-17
585,Rebecca Schmidt,rhoover@example.com,Lake Stephen,2023-10-26
586,Heather Owens,rhonda65@example.com,Pamelaland,2025-04-29
587,Shelley Anderson,heather40@example.com,Hinesshire,2023-08-02
588,Elizabeth Hoffman,laura00@example.net,Amandafort,2026-01-01
589,Amy Mcgee,anthonyryan@example.org,South Joshuafurt,2026-02-26
590,Michael Lewis,codybarker@example.net,Knappside,2023-07-16
591,Abigail Rosales,kathysantiago@example.org,Andrewport,2025-07-11
592,Donald Hunter,michelle57@example.com,North Paulland,2024-09-07
593,Cynthia Allen,garciajeremiah@example.net,North Kelli,2023-11-10
594,Vanessa Ross,jameswilliams@example.org,Bradleyborough,2024-05-30
595,Danielle Fitzpatrick,hollandtheresa@example.net,Lucerotown,2023-11-13
596,Devin Cooper,eclark@example.net,South Karenview,2023-11-12
597,Stephanie Duncan,olsenjillian@example.net,Romeromouth,2025-10-06
598,Gordon Thornton,yhall@example.net,New Michaelfurt,2026-01-30
599,Devin Montgomery,klane@example.net,West Robert,2025-05-21
600,Shawn Campos,jesse80@example.net,Marymouth,2025-10-25
601,Teresa Carpenter,henryhernandez@example.com,South Mirandaside,2023-12-20
602,Mary Bush,sharon76@example.com,New Jamesland,2026-04-03
603,Karen Smith,aparker@example.com,Port Nicholas,2024-09-01
604,Jacob Massey,smithnicole@example.org,Williamborough,2024-04-27
605,Karen Brown,davistyler@example.net,Farmerbury,2023-06-04
606,Jacob Friedman,harriselizabeth@example.org,Carolland,2026-03-06
607,Andrew Oconnor,caldwellapril@example.org,Richardmouth,2023-06-14
608,Paul King,nathananderson@example.org,South Davidfurt,2024-12-08
609,Brad Combs,phillipyoder@example.org,Lawrencefurt,2023-11-18
610,Sherry Ashley,delgadomichael@example.net,Guzmanmouth,2024-11-09
611,Philip Paul,prosales@example.net,Lake Dustin,2024-05-23
612,Grace Patel,linda23@example.org,South Kevinchester,2024-02-23
613,James Lee,zhamilton@example.com,Williamburgh,2025-07-03
614,Christopher Fox,feliciaprice@example.net,Jesseshire,2024-06-25
615,Daniel Smith,yross@example.org,Brandonstad,2026-02-08
616,Alexander Castillo,laura71@example.com,Lake William,2024-06-06
617,David Brown,richard06@example.net,Port Erik,2026-02-18
618,Marie Ward,ucabrera@example.org,Port Amyshire,2024-08-30
619,Sherry Diaz,mathewsjason@example.com,Lake Sarahfort,2025-04-18
620,Julie Mueller,markevans@example.org,Troyfurt,2024-06-30
621,Amanda Taylor,collinsdonna@example.net,Aaronton,2025-11-18
622,Jeremiah Larsen,dhardy@example.com,Smithton,2024-01-10
623,Jose Adkins,ywhite@example.com,Wilsonton,2024-08-26
624,Brian Chen,jross@example.org,West Jennifer,2023-07-26
625,Kevin Lloyd,waltersjennifer@example.org,East Anne,2026-02-18
626,Loretta Bailey,garciamichelle@example.com,Pierceport,2024-04-04
627,Tracy Jensen,angelamann@example.org,Yolandashire,2024-11-13
628,David Petersen,sue03@example.com,Christiantown,2026-03-15
629,Larry Heath,gomezscott@example.net,Oscarland,2024-09-02
630,Terri Chavez,stevenroy@example.net,Hillland,2024-08-06
631,Steve Davis,johnsonsarah@example.org,South Amy,2024-07-14
632,Thomas Turner,steinjanet@example.com,Whiteton,2023-12-11
633,Ryan Henry,shawnbates@example.org,Gonzalesfort,2023-10-25
634,Ryan Wilson,smelendez@example.com,Greerfort,2024-12-03
635,Timothy Valencia,lauraphillips@example.com,Morganfort,2026-02-08
636,Dustin West,torresrobert@example.org,North Jennifer,2023-06-01
637,Todd Elliott,cynthiahaynes@example.org,Mccoyshire,2024-01-29
638,Jeanne Wong,troyhamilton@example.net,East Timothyborough,2024-12-14
639,Leslie Murphy,gomezdavid@example.com,South Stanleyton,2025-06-30
640,William Rodriguez,stephenlopez@example.com,Walkerton,2024-06-16
641,Jordan Vazquez,scottsawyer@example.org,New Travisshire,2025-04-12
642,Kari Wiggins,ian58@example.net,Christinamouth,2025-12-10
643,Cynthia Bates,danny08@example.net,Lake Tonya,2023-08-14
644,Robert Carrillo,ugarcia@example.org,Jillside,2025-05-05
645,Angela Estes,stephanie70@example.com,Susanville,2025-08-19
646,Brittany Reese,victoria54@example.org,North Colinfurt,2024-10-04
647,Tracy Wang,kathrynshaw@example.net,Andrewberg,2026-04-07
648,Melissa Campbell,jenniferlong@example.org,South Sethview,2025-12-15
649,David Bell,santiagomichelle@example.com,North Kurt,2023-11-21
650,Sarah Deleon,christianjohnson@example.org,East Matthewborough,2023-05-17
651,Robin Hanson,carmenvaughn@example.org,Michaelview,2025-12-20
652,Shawn Scott,franciskayla@example.org,Jacquelineview,2024-12-08
653,Jeffrey Russo,michelle51@example.com,West Gregory,2024-01-16
654,Jennifer Hammond,william61@example.org,Deniseton,2023-12-01
655,Laura Rogers,morgan00@example.org,North Kaitlyn,2024-02-14
656,Kevin Lane,john07@example.net,Herringport,2025-08-02
657,Charles Mccoy,cynthiaortiz@example.net,Port Breannaland,2026-02-26
658,Gina Parsons,castillotyler@example.org,South Jodytown,2025-12-22
659,Robert Garrison,trobbins@example.net,Port Samuelberg,2023-07-06
660,Angela Jacobs,kirkknox@example.org,Dianastad,2025-04-10
661,Paul Bradford,ghorne@example.com,Christinechester,2025-11-14
662,Bianca Saunders,erikahill@example.org,North Nathan,2024-04-28
663,Richard Jackson,davisjason@example.com,New Maryton,2024-05-26
664,David Palmer,kathrynbailey@example.com,Smithtown,2025-11-30
665,Stephanie Fitzpatrick,trevorjohnson@example.net,Sandersberg,2024-09-01
666,Kari George,gomezjoshua@example.com,Nicoleville,2026-02-12
667,Sara Mcmillan,duranmark@example.org,Mcleanport,2025-09-09
668,Christine Robbins,seanstephens@example.org,Port Robertchester,2024-06-30
669,Jennifer Shelton,moodyroy@example.com,North Alexis,2024-08-06
670,Mary Elliott,robinsonaustin@example.net,New Ana,2024-02-20
671,Christopher Downs,floresmichael@example.com,West Michaelberg,2025-10-22
672,Craig Peterson,yfernandez@example.com,Lake Aaronburgh,2024-08-02
673,Christopher Hopkins,garrettbrian@example.net,New Tiffany,2025-01-17
674,Tina Larson,erikaperkins@example.net,New Marcus,2025-05-12
675,Karen Gutierrez,medinapatricia@example.net,Reynoldsmouth,2024-02-15
676,Pamela Long,william27@example.org,Hollowayville,2024-03-02
677,Jacob Nash,ysmith@example.com,Ethanfurt,2024-05-03
678,Christina Williams,pedro38@example.net,Michelleport,2023-12-01
679,Cathy Ramirez,johnsonjeremiah@example.net,Port Shannon,2025-07-18
680,Joshua Johnson,krichardson@example.net,New Cindyborough,2025-03-24
681,Austin Thomas,ibrown@example.net,Marksside,2024-08-25
682,Michael Salazar,andrewking@example.net,Adamland,2025-02-22
683,Jonathan Lewis,bharper@example.org,Jonathanshire,2024-05-24
684,Tara Miller,ellisgail@example.com,West Angel,2024-01-19
685,Cynthia Valencia,aliciathornton@example.com,Lake Richardbury,2023-05-03
686,Richard Johnston,mary85@example.org,Williambury,2025-10-18
687,Lisa Vang,conwaylisa@example.org,Lake Toniton,2026-03-04
688,Kimberly Johnson,murraymelissa@example.org,South Heatherbury,2023-05-06
689,Rhonda Scott,njohnson@example.com,New Angelastad,2023-06-15
690,Amy Green,jeffreytaylor@example.org,North Kevinville,2023-11-09
691,Eric Murphy,veronicagonzalez@example.com,North Brian,2026-02-08
692,Christina Watson,josephwoods@example.org,East Mark,2024-04-01
693,Kimberly Mcconnell,nicole07@example.com,East Kylie,2024-09-20
694,Paul Stewart,williamsonbrandon@example.org,Jefferyside,2024-05-24
695,Dan Gardner,michael51@example.com,East Melissa,2023-07-26
696,Daniel Robinson,bellholly@example.net,Christopherhaven,2025-03-17
697,Desiree Scott,courtney81@example.org,Port Bobby,2023-11-25
698,Kelly Howell,lisamolina@example.net,East Jamesside,2026-03-26
699,Emily Adams,jenniferschwartz@example.org,East Franciscobury,2023-12-23
700,Melissa Brown,carlduffy@example.com,Annamouth,2023-08-16
701,Tracy Ford,hornemarissa@example.net,Cristinaton,2025-02-06
702,Evelyn Leonard,stevencline@example.net,Pricetown,2023-09-09
703,Kathryn Fisher,robinsonbeverly@example.net,North Michelle,2024-02-20
704,Natalie Smith,kolson@example.net,Ericaport,2023-10-29
705,Christopher Fuentes,mooreveronica@example.com,Barnetthaven,2025-03-06
706,Tracey Bell,daviddouglas@example.org,Waltertown,2025-07-06
707,Brianna Carney,hartchristopher@example.net,Port Dorisbury,2025-05-25
708,Samantha Bartlett,brittany06@example.net,Chambersmouth,2025-01-19
709,Jason Lewis,heatherarnold@example.net,Burchchester,2023-11-05
710,Brenda Ingram,cory08@example.com,Lesliefurt,2026-02-09
711,Dr. Douglas Simmons,clarkdavid@example.com,Brianbury,2023-12-09
712,Joseph Velazquez,christina66@example.net,Gonzalesfurt,2023-08-04
713,John Hudson,jennifer23@example.com,North Sean,2023-09-19
714,Kevin Shah,lawrenceoneal@example.com,North Stephanieside,2025-07-04
715,Todd Hart,griffinmelissa@example.org,East Melissa,2024-09-12
716,Mark Brown,davisscott@example.net,South Alyssa,2023-09-14
717,Meredith Kim,xgonzales@example.org,Jacksonstad,2023-09-06
718,Cole James,coledebra@example.org,Booneville,2025-11-27
719,Charles Campbell,rachelshields@example.org,Clarkstad,2025-01-19
720,Donald Vargas,tvelasquez@example.net,West Michaelfort,2023-10-08
721,Jodi Garcia,uhernandez@example.net,West Rubenside,2024-12-24
722,Brandon Wilcox,rittercandice@example.net,Port Vanessaberg,2025-08-18
723,Cindy Jones,wayne30@example.net,Estradaborough,2025-07-27
724,Tammy Ramirez,melissaerickson@example.org,Mitchellhaven,2024-09-25
725,Sarah Gomez,bethcampbell@example.com,Port Paulland,2024-10-04
726,William Jones,brittanyyoung@example.org,Millermouth,2023-09-08
727,Timothy Garcia,michaelhill@example.com,Caseyberg,2024-12-17
728,Jeffrey Moore,fergusonwendy@example.net,South Alexandra,2023-11-18
729,Michael Edwards,lynnmorrison@example.com,Anthonyburgh,2024-02-14
730,Daniel Rojas,ryanchambers@example.net,North Charles,2025-12-29
731,Denise Henderson,ebrown@example.net,Torresbury,2023-12-19
732,Sophia Hale,lyonsjulian@example.com,Christophertown,2025-07-16
733,Kelsey Lindsey,mariamarks@example.org,Joshualand,2025-05-06
734,Willie Clark,xmooney@example.org,Jamesstad,2023-06-15
735,Christopher Strong,foleyerica@example.com,Armstrongside,2025-05-24
736,Jessica Garcia,erosales@example.org,Lake Michaelfurt,2025-09-22
737,Curtis Lee,millersandra@example.com,Amandaview,2024-03-22
738,Jessica Dalton,coreymorse@example.com,Kingside,2023-09-21
739,Heather Walker,brandi63@example.com,East Adamtown,2025-09-05
740,Jeffrey Garcia MD,sarah83@example.org,New Robert,2025-10-26
741,Elizabeth Henry,darylburnett@example.net,Ryanchester,2023-10-29
742,Ashley Vaughn,kylie18@example.com,Danielchester,2025-01-13
743,Jessica Johnson,isalinas@example.net,Joshuaborough,2024-08-20
744,Jerry Fowler,hunterbrian@example.net,East Sherriborough,2024-10-26
745,Joshua Bailey,andrewskeith@example.org,West Daniel,2025-04-05
746,Jeffrey Clark,xblankenship@example.net,West Anthonytown,2025-08-13
747,Amanda Parker,tiffany30@example.net,Kathleenville,2024-10-21
748,Timothy Maxwell,justin24@example.org,Bruceberg,2023-10-15
749,Thomas Conley,farrelljessica@example.com,Amandaport,2026-03-29
750,Jennifer Morgan,whitakerdestiny@example.org,East Carlosshire,2024-04-05
751,Connie White,brownkaitlin@example.org,Port Kristiberg,2023-12-20
752,Edwin Nelson,lloyddaniel@example.org,North Peter,2025-06-20
753,Ashlee Alexander,lisa85@example.org,Scottview,2025-12-23
754,Beth Casey,craig09@example.com,Johnsonland,2023-09-07
755,Kent Simpson,staceyjenkins@example.com,New James,2025-04-21
756,Mr. Joshua Walters,weeksjohn@example.com,Richardmouth,2024-09-27
757,Daniel Burgess Jr.,ncosta@example.org,South Cynthiaberg,2024-11-15
758,Anthony Martin,jerry33@example.org,Lake Danielmouth,2026-03-08
759,Michele Ross,courtneyashley@example.net,Port Stephenstad,2026-03-16
760,Bruce Graham,teresa65@example.com,South Moniquemouth,2026-02-10
761,Carrie Malone,morrisbrenda@example.com,New Cristinaside,2025-08-12
762,Tara Lewis,mooremartin@example.org,Nelsonchester,2025-02-17
763,Robert Miller,ryan99@example.com,Parkerstad,2025-01-10
764,Jared Reilly,rickycortez@example.net,West Samantha,2023-06-19
765,Lisa Silva,donald20@example.org,Lake Ivantown,2025-01-08
766,Erik Chavez,uelliott@example.org,Blackland,2024-06-10
767,Maria Allen,coxadam@example.com,North Alicialand,2023-04-15
768,Marcus Williams,ronaldpayne@example.org,Gordonhaven,2023-06-08
769,Brianna Gonzalez,patricia65@example.com,West Jenniferton,2023-11-13
770,Christopher Reynolds,odavis@example.com,Port Johnville,2023-10-30
771,Kyle Mejia,moorejennifer@example.net,West Jamesfort,2023-08-09
772,Shannon Hayes,beth48@example.com,Markfort,2025-01-20
773,Brenda Adams,jamesyoung@example.com,Jacobview,2024-10-24
774,Michael Banks,ryandevin@example.net,Samuelton,2026-01-27
775,Phillip Brooks,tara59@example.com,Port Cynthia,2024-12-02
776,Jeff Werner,kerrchristopher@example.com,West Timothychester,2026-03-20
777,Angela Munoz,courtney85@example.net,South Danielmouth,2026-03-07
778,Daniel Lowe,cynthia37@example.net,North Christopherstad,2025-05-07
779,Brian Romero,olsonmichelle@example.com,Port Melissabury,2024-11-08
780,Michael Garcia,antoniorogers@example.com,Gardnerberg,2026-03-31
781,Angela Maxwell,dalton50@example.net,Jessicaburgh,2024-12-20
782,Dennis Randolph,courtney92@example.org,East Amanda,2025-04-01
783,Sarah Perez,carlos89@example.com,Angelaland,2025-07-16
784,Pamela Norris,gsimpson@example.com,East Christopher,2023-06-10
785,Samuel Griffin,lydia35@example.org,Lake Teresa,2024-11-13
786,Sarah Hanna,hoffmanchristine@example.net,Adamstown,2024-08-07
787,Mia Hooper,lutzryan@example.org,Robertville,2025-07-16
788,Jacob Jackson,dawsonchristine@example.net,Ramirezport,2023-08-27
789,Jessica Sanchez,bhowell@example.com,Marissaton,2025-01-12
790,Kim Reynolds,coreyanthony@example.org,South Amy,2025-12-29
791,Amber Dixon,lynnmelinda@example.com,Hollandhaven,2024-08-06
792,Yolanda Beltran,dustin90@example.org,East Katrina,2024-01-14
793,Evelyn Rice,tricia17@example.com,New Robert,2024-12-06
794,Rebecca Dorsey,michael47@example.com,East Stephanie,2025-03-05
795,Warren Barker,virginia04@example.com,East Johnshire,2023-06-02
796,Kevin Cardenas,bradley88@example.com,New Dennis,2025-07-04
797,Eugene Stevenson,rebeccaedwards@example.org,Lake Brittanymouth,2025-03-18
798,Mr. Samuel Keith MD,davidreeves@example.com,Port Joannaville,2025-10-26
799,Travis Gibbs,wernerkelsey@example.net,West April,2025-06-27
800,Willie Rogers,castillonicole@example.net,Adamborough,2023-10-13
801,Gloria Anderson,morganashley@example.com,Lopezburgh,2025-05-01
802,Brian Richards,logan60@example.net,Lake Nicholasburgh,2025-03-16
803,Kimberly Fields,davidstout@example.org,East Suzanne,2023-10-02
804,Christina Barber,whogan@example.com,Leehaven,2024-08-27
805,Mr. Samuel Raymond MD,moorewilliam@example.org,West Jeff,2023-10-30
806,Karina Bell,nicholasfoley@example.org,Kaylamouth,2023-12-25
807,Jonathan Moore,lucaslara@example.com,East Adam,2024-08-08
808,Joseph Harris,joseph54@example.net,Lake Cristinaberg,2024-05-12
809,Clayton Garcia,wsmith@example.com,Fisherland,2024-04-26
810,Gerald Lambert,probinson@example.net,East Chadton,2025-11-13
811,Spencer Sanders,barkerkathleen@example.net,East Vanessa,2024-03-01
812,Lindsey Williams,crystalsmith@example.com,East Donald,2023-09-05
813,Nathaniel Palmer,mia15@example.net,New Paul,2024-08-02
814,Charles Sims,mullinslynn@example.org,Johnshire,2026-02-27
815,Billy Hawkins,tsmith@example.net,New Tiffany,2024-04-05
816,Scott Simpson,pthomas@example.com,East Brian,2025-12-12
817,Scott Zimmerman,ericjenkins@example.com,Port Georgefurt,2025-07-13
818,James Gordon,jonathan33@example.com,Port Trevorland,2026-01-05
819,Andrew Ray,sullivandenise@example.net,South Jeffery,2024-10-04
820,Blake Thompson,michaelrobinson@example.net,East Williechester,2024-12-30
821,Wesley Taylor,charlesstephens@example.com,Jamesberg,2023-10-31
822,Frank Diaz,stevenpittman@example.com,Josephburgh,2024-05-25
823,Amy Moore,hartcynthia@example.org,New Judy,2023-07-02
824,Jason Chen,vmurphy@example.com,North Paul,2023-05-21
825,Vincent Ford,sarah86@example.org,Port Zacharytown,2025-08-09
826,Natasha Hunt,kross@example.org,Port Donnaview,2025-08-17
827,Cheryl Gallagher,fperez@example.net,Taylorville,2023-11-06
828,Gina Nelson,qjones@example.com,North Michaelborough,2024-12-12
829,Tommy Mcclain Jr.,scott16@example.org,East Devinton,2025-01-31
830,Andres Dominguez,kevinmays@example.org,Wilsonton,2025-01-31
831,Lance Stewart,apoole@example.org,Annehaven,2024-12-02
832,Douglas Bray,elizabeth05@example.org,Anthonyland,2023-06-10
833,April Harrison,xfrancis@example.org,Barreraville,2025-05-02
834,Jessica Martinez,ortegawalter@example.net,Rickychester,2025-03-05
835,Darryl Beck,michael19@example.net,Port Maryton,2025-08-04
836,Dr. Eduardo Reeves V,nancy00@example.net,Jeffreyview,2024-12-06
837,James Henderson,paul23@example.org,Jenniferport,2025-03-23
838,Jacob Harris,nbanks@example.com,Rebeccaland,2024-04-10
839,Dustin Holland,jonescheryl@example.net,North Brenda,2023-05-19
840,Claire Campbell,rwilliams@example.org,New Kathryn,2024-12-04
841,Adrian Kramer,jamieanderson@example.org,New Stevenstad,2025-06-18
842,Garrett Wilkins,aaronwarner@example.com,Keithton,2023-10-30
843,Levi Smith,alexandragates@example.net,Harperfort,2025-05-04
844,Christopher Donovan DVM,desireewade@example.org,Lesliefurt,2024-08-04
845,Willie White,kaylarobertson@example.com,Christopherland,2024-06-12
846,Kathy Chandler,jacquelinesalazar@example.net,Rogersmouth,2024-09-30
847,Judy Roberts,eileenhenson@example.net,Kristinfurt,2023-10-26
848,Janet Smith,huffmannoah@example.org,South Mary,2026-02-09
849,Nicole Miller,allenhughes@example.net,North Samanthashire,2024-10-27
850,Randy Thomas,jason03@example.net,Wilsonmouth,2025-03-14
851,Michael Brown,williamsonstephanie@example.org,Mollystad,2023-06-03
852,Daniel Martinez,wwalsh@example.com,Johnsonport,2025-07-23
853,Nathaniel Ortega,karenmoreno@example.org,North Joshua,2024-02-21
854,Emily Payne,margaretmurphy@example.net,New Vincent,2023-10-07
855,Rachael Pittman MD,paul86@example.org,Reedshire,2023-10-28
856,Joshua Holmes,mcmahonmario@example.net,Johnview,2025-08-19
857,Victoria Williams,walshholly@example.org,Sarahtown,2024-10-15
858,Steven Bell,theresa38@example.net,South Jasonstad,2024-03-20
859,Paul Fletcher,alexiswhite@example.net,North Christopher,2025-08-19
860,Rachel Watson,vmcclure@example.net,Lake Tiffany,2024-01-28
861,Luke Williams,ryan77@example.org,South Elizabethburgh,2025-01-26
862,Theresa Conley,donald80@example.net,Nelsonbury,2024-08-21
863,Paula Gonzalez,ericamoore@example.net,West Amandaberg,2023-11-05
864,Sheri Vincent,cedwards@example.org,New Ellen,2024-12-23
865,Kimberly Archer,jenniferpowell@example.org,Spencerfort,2023-09-07
866,Scott Kelly,davidmendez@example.net,East Bradleyport,2025-10-11
867,Kevin Black,fcruz@example.org,Daniellestad,2025-08-20
868,Sierra Reynolds,aaron24@example.com,West Christopher,2025-03-23
869,Daniel Stone,mcohen@example.net,Patriciaburgh,2024-03-19
870,Jeanette Pena,xjohnson@example.com,Walkerport,2024-10-31
871,Catherine Austin,jorge19@example.net,Jackville,2023-07-05
872,Katherine Jacobs,johnsontanya@example.org,Mathewston,2023-07-09
873,Henry Brown,lopezvanessa@example.org,South Daniel,2025-12-03
874,Mr. Daniel Rhodes MD,diamond93@example.org,Juanfurt,2024-09-21
875,Natalie Elliott,csmith@example.com,East William,2025-07-17
876,Dr. Jaime Williams,rogerryan@example.net,Port Molly,2023-06-03
877,Nicholas Tucker,james41@example.org,Taylorport,2023-09-17
878,Robert Mitchell,ataylor@example.com,Suttonmouth,2025-08-23
879,Tamara Knight,pgill@example.org,Paceport,2025-12-20
880,Christine Schmidt,jamesward@example.com,South Theodoremouth,2024-08-05
881,Virginia Thomas,wwalker@example.net,South Christopherborough,2023-12-29
882,Christopher Lewis,lorigomez@example.net,Ericport,2025-02-04
883,Chelsea Wood,egonzales@example.net,New Mark,2025-04-13
884,Makayla Martinez,bonnie27@example.com,Ericfort,2025-08-23
885,Benjamin Bailey,stephen16@example.net,New Anthony,2026-03-03
886,John Anderson,floreskrystal@example.org,West Shannon,2024-12-05
887,Breanna Salinas,rachel34@example.net,West Richardchester,2025-07-08
888,John Hill,rjohnson@example.net,Lake Jessicaview,2023-12-09
889,John Key,ycolon@example.org,New Cheyennemouth,2026-02-03
890,Craig Grant,hudsondavid@example.org,Joshuafort,2025-09-22
891,Peter Robertson,robinsonjames@example.com,New Michael,2025-09-12
892,Sherry Lee,nancyreyes@example.net,Zoehaven,2024-03-10
893,Pamela Pruitt,cortezsean@example.com,Barkerborough,2025-09-21
894,Tyler Gallegos,michaelrowland@example.net,Mendozahaven,2024-11-16
895,Jason Davis,khill@example.org,Amandaberg,2024-05-17
896,Angela Ferguson,rturner@example.com,Longfurt,2025-08-12
897,Joshua Morgan,gdominguez@example.net,South Erin,2024-07-19
898,Taylor Mayo,morrisdaniel@example.net,Martinfurt,2024-02-18
899,Christopher Woods,hscott@example.org,West Jonathan,2023-11-10
900,Jeremiah Williams,taylor33@example.com,Alexanderborough,2025-06-25
901,Alexis Holt,christopher78@example.net,Johnburgh,2025-05-16
902,Michael Gonzalez,ofletcher@example.com,East Ryanfurt,2024-12-07
903,James Mccoy,thomas85@example.com,West Elijah,2026-02-10
904,Aaron Williams,jayfrazier@example.com,Evelynbury,2023-11-15
905,Leonard Hayes,pchandler@example.com,Davidland,2024-03-17
906,Lindsey Graham,stephanie83@example.com,Donaldview,2025-01-22
907,Michael Burke,emilysimpson@example.org,North Jay,2023-10-10
908,Katie Owen,bethanyrichards@example.com,South Robert,2026-02-19
909,Kyle Todd,turnerjohn@example.net,Lisaborough,2023-11-13
910,Emily Mcdaniel,ogreen@example.com,East Shelley,2025-06-19
911,William Richmond,alexandra33@example.net,Sharonburgh,2026-01-18
912,Thomas Ortiz,vickitaylor@example.net,Sweeneyhaven,2023-10-27
913,Michael Cunningham,victor11@example.net,North Jade,2023-04-16
914,Gary Waters,jeffrey12@example.org,Davidborough,2025-04-12
915,Aaron Monroe,emarks@example.org,New Lee,2025-03-10
916,Kenneth Smith,timothywalker@example.com,West Victoriaport,2025-07-04
917,Thomas Burton MD,uwest@example.com,New Bradley,2026-03-09
918,Wanda Moore,torreskimberly@example.com,Randallview,2023-07-28
919,Katelyn Gray,joannlee@example.com,East Maria,2024-07-22
920,Robert Santana,lwilson@example.org,East Bobby,2025-12-27
921,Charles Allison,evan18@example.net,Port Amandahaven,2023-09-05
922,Jordan Evans,iwall@example.com,North Benjaminburgh,2025-09-15
923,Mr. Arthur Wolf,youngjennifer@example.com,Howardchester,2023-12-04
924,Alicia Obrien,tara27@example.com,Jacobmouth,2025-05-20
925,Caitlin Lane,frenchkenneth@example.com,Greerview,2023-04-13
926,Molly Garrett,jennifer23@example.com,Smithland,2023-04-12
927,Elizabeth Morgan,vhill@example.com,South Loriland,2025-04-17
928,Alicia Pierce,montgomerychad@example.com,Williamstown,2023-06-11
929,Jessica Bullock,paulbradley@example.org,Samanthaville,2024-10-19
930,Richard Rowland,jackie98@example.org,Edwardstad,2025-01-19
931,Travis Trevino,curtisconrad@example.org,Port Kelly,2026-03-02
932,Eric Hess,omckenzie@example.org,Jacksonstad,2024-03-17
933,Tracy Davis,mrowland@example.net,Schmidtmouth,2024-05-24
934,Nicolas Harper,nancymann@example.org,Port Christopher,2025-07-25
935,Amber Luna,laura42@example.org,Sanchezberg,2025-05-04
936,Melissa Williamson,henry27@example.org,Janiceburgh,2023-05-12
937,Mark Trevino,lrichard@example.net,Port Kariport,2023-05-24
938,Renee Martin,shelley40@example.org,Hansenfort,2025-02-02
939,Kenneth Cantu,thomasrodgers@example.net,Sarahview,2025-01-20
940,Nicole Leonard,kiddbrian@example.com,South Patrickchester,2026-01-02
941,Emily Jones,sheenaeverett@example.org,North Sonyafurt,2023-09-04
942,Brian Li,wrightwilliam@example.net,West Anthonyburgh,2026-04-06
943,Lisa Taylor,gthomas@example.com,Wardside,2025-04-01
944,Jeremy Campbell,mark24@example.com,Lake Staceychester,2025-06-29
945,Joshua Frye,jessicawoodard@example.net,Port Erin,2026-02-16
946,James Gonzalez,morganwalker@example.net,Cynthiaton,2024-12-17
947,Austin Adams,cwalters@example.net,East Timothy,2023-06-02
948,Riley Gray,mauricestevenson@example.net,Stevenbury,2024-12-17
949,Angela Lane,justin20@example.com,Loganland,2025-09-12
950,Leonard Walker,william04@example.net,Amyburgh,2025-04-09
951,Sarah Thompson,rogerstout@example.com,South Timothy,2025-10-30
952,Thomas Koch,gyoung@example.org,South Sarah,2025-12-10
953,Carlos Soto,goldenrachel@example.com,New Victoriachester,2023-12-17
954,Eric Salas,uhill@example.com,Shawbury,2025-05-07
955,Scott Santos,tylermontes@example.com,Tracyton,2024-10-10
956,George Sanders,paulasmith@example.com,Santiagofort,2024-07-31
957,Erika Kennedy,ghartman@example.net,Lake James,2025-05-06
958,Amber Strong,alejandro07@example.org,Daniellehaven,2026-01-18
959,Sarah Norris,mashley@example.com,Vazquezberg,2025-02-24
960,Kimberly Arroyo,rkline@example.com,East Anthony,2025-09-17
961,Hector Reed,bettyrangel@example.org,East John,2023-11-04
962,Christopher Garcia,molly06@example.org,New Kylechester,2024-02-23
963,Ashley Fletcher,fryshannon@example.net,Briannashire,2023-04-23
964,Jonathan Sanders,brittneywillis@example.org,Sarahfort,2023-10-24
965,Judith Ramirez,nelsondonald@example.org,Lake Jose,2024-07-04
966,James White,stephen15@example.org,Lisaview,2025-04-13
967,Robin Olson,wandaparker@example.org,Brandonland,2025-09-19
968,Brittany Douglas,rebecca87@example.org,Robbinsbury,2025-11-11
969,Kathryn Hicks,laura83@example.org,Gallowaystad,2024-12-08
970,Teresa Fuller,beckstephanie@example.org,South Christophershire,2023-10-04
971,John Adams,florespamela@example.org,Suefurt,2025-03-13
972,Brian Brown,gallagherelizabeth@example.com,Davischester,2024-09-30
973,Catherine Owens,pittmankim@example.net,Lindaton,2025-08-13
974,Jason Washington,lgutierrez@example.org,North Jasonmouth,2025-12-27
975,John Vincent,qchung@example.net,Lake Ericland,2024-06-19
976,Abigail Brown,veronica60@example.net,East Elizabeth,2023-06-14
977,Anna Turner,cassandra29@example.org,Mirandafurt,2023-12-23
978,Eugene Conway,daniellejackson@example.com,Port Travis,2025-12-03
979,Jeffrey Chavez,xpatterson@example.com,Port Derricktown,2023-04-28
980,Adriana Young,jaime74@example.org,Reneeport,2025-10-03
981,Katelyn Jensen,angelasmith@example.net,Danielstad,2024-05-21
982,Melissa Manning,portermaurice@example.com,Zacharystad,2024-03-04
983,Ashley Baker,housemichael@example.com,Billyland,2026-01-21
984,Michael Lewis,erinwalton@example.net,Susanhaven,2025-12-08
985,Dr. Justin Anderson DDS,greenjennifer@example.org,Port Vanessamouth,2025-12-18
986,Emily Cohen,kylelewis@example.com,East William,2025-11-26
987,Bradley Anderson,xgaines@example.org,South Heather,2025-03-19
988,Ronald Mitchell,xsaunders@example.net,South Jennifer,2025-08-13
989,Kathleen Tate,lindabradley@example.com,Michaelshire,2024-01-09
990,Emily Bennett,ryanmosley@example.net,Martinfort,2026-02-17
991,Julie Lin,richard18@example.com,East Thomasfort,2024-03-01
992,Lisa Snow,emmamueller@example.net,West Allison,2024-03-04
993,Ashley Velasquez,brianbrown@example.net,North Melanie,2023-08-14
994,Sharon Brown,floresruth@example.net,West Russellton,2024-12-08
995,Kellie Cordova,tammyray@example.org,South Meganchester,2025-02-14
996,Robert Wheeler,dgonzalez@example.com,Brandyside,2024-12-20
997,Monique Contreras,leonphillip@example.com,North Bethport,2026-04-02
998,Jordan Gonzalez,vmccormick@example.net,Ericaview,2025-08-27
999,Jennifer Mccullough,howellgina@example.net,Allenborough,2023-05-01
1000,Samuel Campbell,millerjesse@example.com,Harmonstad,2024-11-06
