product_id,name,category,price
1,Book Full,Food,82.4
2,Authority Either,Sports,965.41
3,At Available,Electronics,363.66
4,Yes Than,Food,286.86
5,Safe News,Food,198.62
6,Focus Certain,Clothing,194.83
7,Yet Yet,Food,523.67
8,Sense Physical,Books,572.84
9,Teach Effect,Sports,753.23
10,Help Sit,Sports,587.65
11,Sell Alone,Clothing,885.41
12,General Yet,Electronics,942.47
13,Amount Participant,Food,519.13
14,Yard Guy,Books,293.03
15,Question Against,Books,342.61
16,Wife Director,Sports,703.7
17,Thing Make,Food,756.9
18,Fight Behavior,Electronics,36.41
19,Blood Free,Sports,465.12
20,Task Rise,Sports,891.02
21,Door Couple,Electronics,83.94
22,His Green,Electronics,699.77
23,Factor Case,Sports,67.63
24,Dog Finally,Electronics,844.27
25,Close Hand,Sports,142.97
26,Assume Green,Books,42.5
27,Into Mission,Clothing,329.7
28,Space Benefit,Electronics,188.72
29,Wish Nor,Food,269.02
30,Issue Save,Sports,403.08
31,Why Thus,Sports,271.49
32,Various Herself,Sports,582.34
33,Indeed Eat,Books,679.0
34,Throw Suggest,Electronics,48.25
35,Design Which,Electronics,145.04
36,Shoulder Should,Electronics,371.31
37,Character Interview,Electronics,865.56
38,Fly Water,Sports,964.37
39,Quite New,Food,686.94
40,Gun Practice,Sports,535.33
41,Nearly Difficult,Books,144.16
42,Discover Mention,Electronics,453.24
43,Discuss Why,Sports,522.13
44,Choice Might,Food,473.96
45,Scene Woman,Food,26.15
46,With Yet,Books,378.34
47,Result Spend,Sports,534.54
48,Key Machine,Books,512.77
49,Somebody Discussion,Books,198.82
50,Need Up,Books,697.87
51,Successful Front,Sports,507.48
52,Necessary Word,Books,278.43
53,Attorney Down,Food,986.07
54,Great Teacher,Sports,216.98
55,Start Agree,Electronics,265.88
56,Race International,Clothing,59.35
57,Detail Arrive,Food,414.39
58,Outside Respond,Electronics,786.42
59,I Send,Sports,76.35
60,Rise Design,Food,326.55
61,I Should,Clothing,870.42
62,Surface Security,Sports,705.38
63,Industry Side,Electronics,456.7
64,Control Chance,Food,75.11
65,Force Nor,Electronics,302.03
66,Break Indicate,Electronics,89.53
67,Easy Daughter,Sports,384.97
68,Side Something,Sports,140.51
69,Analysis Camera,Sports,191.33
70,Huge All,Books,602.52
71,Property Leave,Food,564.04
72,Model You,Books,103.22
73,Traditional Dog,Clothing,122.77
74,Conference Able,Sports,769.77
75,Stand Business,Food,672.82
76,Increase High,Books,446.28
77,Want Point,Sports,446.38
78,Coach My,Books,435.74
79,Civil Son,Food,722.52
80,Coach Similar,Books,854.49
81,Speech Down,Sports,297.14
82,Among Teach,Clothing,516.41
83,No Fly,Books,472.88
84,Prevent Expert,Sports,103.13
85,Action Interview,Sports,38.85
86,Give Better,Electronics,444.24
87,Parent Certain,Food,339.01
88,Cause Movie,Food,182.68
89,Feel Decide,Food,884.21
90,Major Remain,Clothing,168.26
91,Above Upon,Food,247.59
92,Five May,Food,199.09
93,Nor Life,Clothing,72.95
94,Spring Right,Electronics,140.7
95,Away Across,Electronics,183.19
96,Indicate Everybody,Books,348.05
97,Very Quickly,Books,565.5
98,Manager Position,Electronics,683.68
99,Onto Nothing,Books,313.44
100,Available Reason,Clothing,849.64
101,Very Itself,Food,743.3
102,Politics Piece,Electronics,226.7
103,Hair Job,Food,314.96
104,Question Million,Sports,257.73
105,Bed Owner,Food,299.62
106,I Our,Clothing,492.43
107,Control Note,Food,876.1
108,Return Charge,Books,681.64
109,Technology Color,Electronics,946.27
110,Least Those,Clothing,562.31
111,Different Approach,Books,249.12
112,Husband Wait,Books,955.2
113,Heart Low,Sports,11.39
114,Seat Worry,Food,717.23
115,That Score,Sports,271.44
116,Painting Idea,Sports,421.61
117,Argue Third,Books,77.71
118,Democratic Suffer,Electronics,248.37
119,Kitchen Trouble,Sports,929.22
120,Exactly Summer,Food,582.0
121,Brother Second,Clothing,512.32
122,Senior Far,Electronics,504.87
123,Really Actually,Food,939.48
124,Cultural Woman,Electronics,171.19
125,Once Describe,Sports,888.94
126,Whom Daughter,Electronics,360.39
127,Tough News,Electronics,480.71
128,Heart Same,Clothing,226.37
129,South If,Sports,559.59
130,Generation Fly,Books,120.47
131,Hard Friend,Books,286.76
132,Every Future,Food,903.15
133,Investment Decade,Sports,726.0
134,Catch Agency,Sports,314.06
135,Year Give,Electronics,418.56
136,Two Level,Electronics,265.54
137,Business She,Books,281.35
138,Its Provide,Food,501.66
139,Off Foot,Food,159.77
140,Break Door,Books,139.39
141,Baby Green,Sports,495.5
142,Number Paper,Electronics,73.31
143,From Health,Books,498.43
144,Present Chance,Electronics,901.39
145,Decade In,Books,983.91
146,Account Young,Clothing,706.65
147,Past Choice,Books,643.06
148,Tend Thousand,Electronics,128.27
149,Theory Three,Food,444.62
150,Capital Water,Books,418.69
151,Civil Property,Sports,935.46
152,Own Green,Books,319.12
153,Once Will,Books,279.92
154,Mother Lay,Books,717.49
155,Some Focus,Books,322.91
156,Create Plant,Food,323.96
157,Charge Risk,Food,475.41
158,Difficult Than,Food,47.31
159,No Federal,Electronics,426.54
160,Town Senior,Books,91.16
161,Everything End,Sports,588.11
162,There Establish,Electronics,132.17
163,Study Air,Food,112.61
164,Dinner Order,Clothing,6.04
165,Back Assume,Electronics,406.88
166,Rock Natural,Clothing,330.11
167,Who Brother,Electronics,493.28
168,Six Contain,Sports,95.48
169,Government Cut,Food,28.66
170,Behind Prepare,Sports,281.76
171,Evening Action,Sports,329.82
172,Recognize Nice,Electronics,51.12
173,Personal Return,Clothing,782.64
174,Movement Fire,Sports,257.77
175,Experience Determine,Clothing,287.7
176,Stock Thousand,Food,138.21
177,Through Edge,Electronics,665.67
178,Street Reach,Books,434.16
179,Data Century,Food,960.73
180,Throughout Girl,Food,815.19
181,Under Day,Books,188.43
182,Mean People,Books,166.71
183,Spring Issue,Food,958.68
184,Door Talk,Food,255.04
185,Only Republican,Food,955.71
186,Past Pick,Electronics,728.03
187,Team Bad,Clothing,724.58
188,Mouth Reality,Sports,357.38
189,My Able,Books,219.7
190,Issue Onto,Books,186.31
191,End Order,Food,389.25
192,Only Heart,Sports,876.81
193,Clearly Foot,Food,426.27
194,Case Economic,Food,470.42
195,Record End,Electronics,728.83
196,Group Sure,Clothing,551.19
197,Often Tax,Books,631.19
198,List Pretty,Clothing,38.78
199,Common Pretty,Sports,718.35
200,Forward Have,Clothing,212.38
